{"version":4,"hash":{"type":"Buffer","data":"SZtXUngYsQbBmc6P00bT+oL26IEXQuKJnQLuAkz336YiXwGV5M4m16E0QPAvCYHHI2hg10s8UA/+M0utyjTLpHtA+Oa81J5XTUkiMehH37gU0WIy8tdr3nfO83XZjSFBnfm55MQMGTCd9BJBECn3awihCtMDYtHnrqVjsVLK65U="},"indexValueMap":{"BJwsaw12ZE/xCUBzHv27cPECmSn0zgk2jtKFDi6lHA8=":{"valueMac":{"type":"Buffer","data":"VGhD00eMKxFL0b3hOvctsVpuSE3YhiOSHHtJ42J2cPk="}},"XUC9vAjKY04akeuhRm3+sU9SfLcwhrvrb9Z8OIhpuGc=":{"valueMac":{"type":"Buffer","data":"LD/R3pJMXLpjWkWdEM3pc6Z5qDPNvF8EmhBH+n2iiHI="}},"YPt2C/IViplNQ1t063JhZB4sUuhskpNW+mAuUDtuJNs=":{"valueMac":{"type":"Buffer","data":"+1P1CgLPCm0CLhZxJQJDTgwi3187iPhO6hbgb+djjrg="}},"rL1VlszFqSw860SyBzuE+37JyFaMTLv69Rs/h0OVp68=":{"valueMac":{"type":"Buffer","data":"RH92BFXArkkoJskNF9bi+ZH6qKhAKLfx8QgvC91Avf0="}},"1jteVRbPG4PtO/BaSyiuwDTE878EEWgJ44HQPtSUmdQ=":{"valueMac":{"type":"Buffer","data":"uEWiMuVvk9Rbll1mf1iXu25x0jwvtQu8oz5NxJkYO3I="}},"9skw5mQ7bvNVxP75oSxR4cF1L9Y6ILSOrMqIC8aK5H0=":{"valueMac":{"type":"Buffer","data":"5nxE5fZ/FNs7Svaegj0/tFgc5pNKPocuim2uu6tO+9Q="}},"/5XbUqQ51CnoaI9Og26VnpDOICErbIXMJSy6e7W/UAI=":{"valueMac":{"type":"Buffer","data":"f8q9Ua5ypUhuUTYYsR8pLzOmL7AoR3SsbHc8HvYiHZQ="}},"poZZKHhk6JkW5/tUoIF4F/ocVc34N6GB87lfff+24iU=":{"valueMac":{"type":"Buffer","data":"ofnc4y2TsN3LtVcF+hj8k7KBoC2xV4a46E/kQN5hKXo="}},"Q+l4n/vlajUjI3DQYhvpSjkF4hc7QJxVStToDhoNaT0=":{"valueMac":{"type":"Buffer","data":"mHbwFgZtStxtd2TII9rzlqmOur1Bo2sZGKIjIvhUtJU="}}}}