{"version":2,"hash":{"type":"Buffer","data":"ybdVwZ0eadQL6giRDuuVTdLF9Pv4NjQiJ7gmi2zurNHYdRr+BnK0Iw9iuit8tXSSHW882fRJ0ofumBR3eO9fGOnB0DdMQXMNxHbDJ2W/+lFZd6FDrFDr3kbrEF1eyd20UMfgFbS3QLQyxALWo8+uAh/1mF44NJpF1gLgQXCMRMI="},"indexValueMap":{"JIvCu55UP61l41KvNN2+0zNzS9kH3PkCzT+ZXGxaXlg=":{"valueMac":{"type":"Buffer","data":"wV0VmjYFDHADcQ1PbtlM8+uIPYyYPClvkqlkbw+dfO0="}},"iaf3srq1dL9B6k8OhV1Hw+yL6lL6WVzSk8hg80+KAXY=":{"valueMac":{"type":"Buffer","data":"XLTUrF4kreZ01Q0Nfj72pUAGbmJxDRTCT2nUpSv5pto="}},"sLs3snHErZJcEZgB3uX9FnRWIMCpkUkIoCnqvNr4Bj8=":{"valueMac":{"type":"Buffer","data":"T+qI69vSYmLuLKeJaQN/Uw/qjLwmRcDiF9p8koY9p58="}}}}