{"version":2,"hash":{"type":"Buffer","data":"l1kPvUtBOLfkwc/WtAF62XMXGsjKefbBOE7DqrNCltbSMWMORsqZr1YPAi0MQbhsiUyTda71db0nU3gX5gwsqNW5/j6Ph2AONjM8mkoiYpXGCNY35y41Qa38iVzaQ51/eLZw0Um3OsVXzIO9RpXGXaXhtqqEfpyRG8TV3tgdzXM="},"indexValueMap":{"VNTCXmiXl2s9CsW4P7OPUAHVOAP85C9XPF8VighsFqU=":{"valueMac":{"type":"Buffer","data":"XUqppKzY9yMSQ2zhV8PjG6PhHh1PX4on/MZF9IzvXQQ="}},"bH+KA73xAaH/2fJIsBFV1F7Tzh9oSwNW+GYy3/kpw6s=":{"valueMac":{"type":"Buffer","data":"1EQ/t6pWVzSK255n6JF79EGh850/lU+8WiDuWqepjEQ="}},"iPh1CpcOhwOra8qD+M1vHlqmEBK0V6W9FQItilr1UnM=":{"valueMac":{"type":"Buffer","data":"vAiaaUzB04ubrbBz8eZeCaDuUM3N/5+8pysCoFzYb0Q="}},"zrO6hBPKJmacdmfjNbcmPL2Iu2OZYcSz3L6tvmu2AVc=":{"valueMac":{"type":"Buffer","data":"PCeGOwKzrG2uRTmObs1qEpq3tYE27MGbqtAtQCwmCo0="}}}}