{"noiseKey":{"private":{"type":"Buffer","data":"uFgKi7aRrzFFKODGSpqq6TVHeiFxhpdI57h0idpytXw="},"public":{"type":"Buffer","data":"lrRWQJpbHxPoJg/zCGASx5PEMt4IJteF4cT4gMOMqXU="}},"pairingEphemeralKeyPair":{"private":{"type":"Buffer","data":"OEMKNHBIc07WPmTHk022+TZVfNMrTnso5iYfkRMQpGo="},"public":{"type":"Buffer","data":"PZ9fXG/qRO3bof2C1i+xeFSA94uSJG/uHs6qZ2/m6lg="}},"signedIdentityKey":{"private":{"type":"Buffer","data":"eIcVebtFqxA3rcID29kzhPKODuXZAVZQkqBiqqIufmY="},"public":{"type":"Buffer","data":"BeMynLSxDm6w59CLiO2VQMV/T4o3IHJXpiNfnj6GAUA="}},"signedPreKey":{"keyPair":{"private":{"type":"Buffer","data":"CGoOj36CYpN9Uty5XbL8DO6NoH5jCYUxQTJq7NggT0c="},"public":{"type":"Buffer","data":"bdwOFZ8Jnjf5WobAsOgyYvGHTR7mPKDzH5EzRlJBRmM="}},"signature":{"type":"Buffer","data":"47lQ04Mc9fq+Vu1bkqD8EQZ2iUC1/jRb2PP6kGp9/ycNkyLGu5NjTpq56u4lYGEY0brvkosHNVZIIC3376YaiQ=="},"keyId":1},"registrationId":9,"advSecretKey":"B1rvmoyIBVv2T2Q3QlBcZdD/elfzAtTRgF5E84tHpOU=","processedHistoryMessages":[{"key":{"remoteJid":"8801595360907@s.whatsapp.net","fromMe":true,"id":"5635725488162094843BA5884C93008F"},"messageTimestamp":1732257992},{"key":{"remoteJid":"8801595360907@s.whatsapp.net","fromMe":true,"id":"6F588FE61EF589C2D14C366EF5539580"},"messageTimestamp":1732257992},{"key":{"remoteJid":"8801595360907@s.whatsapp.net","fromMe":true,"id":"144421BD994EF4E0958C3F5BD4C504D3"},"messageTimestamp":1732257997},{"key":{"remoteJid":"8801595360907@s.whatsapp.net","fromMe":true,"id":"0E21D508876BDD8DAE16123DD8BE7229"},"messageTimestamp":1732257998}],"nextPreKeyId":31,"firstUnuploadedPreKeyId":31,"accountSyncCounter":1,"accountSettings":{"unarchiveChats":false},"deviceId":"nfiCcbc5TR64OgjUGnU6dw","phoneId":"dbc371cc-1bde-46cd-817d-8a041f334ff6","identityId":{"type":"Buffer","data":"v9spsqloYPre9mIJBSC7w17sZs4="},"registered":false,"backupToken":{"type":"Buffer","data":"QWAPHOT1LH4ckZxKprD3ShJkDIY="},"registration":{},"account":{"details":"COadyLYHEMHRgLoGGAEgACgA","accountSignatureKey":"R6Thg5GsPDVxPGYraY4ul0vM/qu9Njhr37UF7pVpKQw=","accountSignature":"6pf2VoVqp6abgZO8JZoTvSXH9RkFOJqCr4QGxLKtbtjIJwO8oWoAOGypYfUgi14V+zhgg4YxP+XOZwpe6rOUAQ==","deviceSignature":"yzQqEXyq/jm5hKrmpyFbvCiuBogn5YQFxIjfc4JMY89BFqshLMWpaWS0vF3QExcqgpoeW/kfDOUIgGxi4uHTiQ=="},"me":{"id":"8801595360907:2@s.whatsapp.net","lid":"118477176221936:2@lid","name":"Tasfiya Jannat"},"signalIdentities":[{"identifier":{"name":"8801595360907:2@s.whatsapp.net","deviceId":0},"identifierKey":{"type":"Buffer","data":"BUek4YORrDw1cTxmK2mOLpdLzP6rvTY4a9+1Be6VaSkM"}}],"platform":"android","routingInfo":{"type":"Buffer","data":"CA0IBQ=="},"lastAccountSyncTimestamp":1732257989,"lastPropHash":"D7QFQ","myAppStateKeyId":"AAAAAL5I"}