{"_sessions":{"BSjaff8a77McmuIVavpGP4NuC8KZL78fno+Cpj6qNbFN":{"registrationId":1902396582,"currentRatchet":{"ephemeralKeyPair":{"pubKey":"BZrkcfKnkHkWkyKZHm+pD135A2muAkc+ymUHjL0OQ/hX","privKey":"INEzjPETlfQtEOY966xJZ2wxLtIwI7T23J0UypsU8FU="},"lastRemoteEphemeralKey":"BdVA4gwD//o3OgBGlJd9D3jN6pQ0fkcC7UTwKMZTvKJh","previousCounter":1,"rootKey":"xoCHdaKAHMCBvzwHRxXvWlmmjoUf8ML7R4taHNH1toc="},"indexInfo":{"baseKey":"BSjaff8a77McmuIVavpGP4NuC8KZL78fno+Cpj6qNbFN","baseKeyType":2,"closed":-1,"used":1732257998608,"created":1732257991063,"remoteIdentityKey":"BUek4YORrDw1cTxmK2mOLpdLzP6rvTY4a9+1Be6VaSkM"},"_chains":{"BezRyMZfn+6+/vW20lJlzPkoO4InP5l2iLIBiPaqfslP":{"chainKey":{"counter":6},"chainType":2,"messageKeys":{}},"BdVA4gwD//o3OgBGlJd9D3jN6pQ0fkcC7UTwKMZTvKJh":{"chainKey":{"counter":1,"key":"nsttAHnStaTL/Hn57UjydlzBvlU0ZcTkWBtwRwm8fX4="},"chainType":2,"messageKeys":{}},"BZrkcfKnkHkWkyKZHm+pD135A2muAkc+ymUHjL0OQ/hX":{"chainKey":{"counter":-1,"key":"Jyyj5P4apGeSSicKjaWP0iTq0i5Mf0AgnKj6Eg005wM="},"chainType":1,"messageKeys":{}}}}},"version":"v1"}